,news_title,news_details,news_date,source_name
0,उमेश कोल्हे हत्याकांड : NIA ने आरोपी शमीम अहमद पर रखा 2 लाख रुपये का इनाम,"अमरावती (Amravati) में मेडिकल स्टोर के मालिक उमेश कोल्हे की हत्या (Umesh Kolhe murder) सिर्फ इसलिए कर दी गई थी, क्योंकि उन्होंने नुपुर शर्मा(Nupur Sharma) के समर्थन में सोशल मीडिया पर पोस्ट लिखा था. जांच एजेंसी एनआईए इस मामले में अभी तक आठ के करीब आरोपियों को गिरफ्तार कर चुकी है.","मंगलवार सितम्बर 13, 2022 09:37 AM IST",NDTV News
1,निलंबित BJP नेता नूपुर शर्मा की गिरफ्तारी की याचिका पर सुप्रीम कोर्ट का सुनवाई से इनकार,याचिका में कहा गया था कि नूपुर शर्मा के बयान की वजह से हमारे महान राष्ट्र की छवि कलंकित हुई है.,"शुक्रवार सितम्बर 9, 2022 01:28 PM IST",NDTV News
2,"विरोधियों पर जमकर बरसे मनसे प्रमुख राज ठाकरे, नूपूर शर्मा के समर्थन में बोली बड़ी बात",राज्य की मौजूदा हालात पर राज ठाकरे बोले कि अभी जो राज्य में हुआ वो राजनीति नही है. मुझसे पूछा गया था आपने भी बगावत की थी? मैंने कोई बगावत नहीं की. मैं बालासाहेब को मिलकर उन्हें बता कर बाहर निकला था. जब मैं बाला साहेब से मिला तब उन्होंने दोनो हाथ फैलाकर मुझे गले लगाया और कहा कि जा. इसलिए मैने कोई दगा नहीं की. आप सबके भरोसे पर पार्टी खड़ी की.,"मंगलवार अगस्त 23, 2022 02:54 PM IST",NDTV News
3,"नूपुर शर्मा की हत्या की फिराक में था जैश का संदिग्ध आतंकी, यूपी के सहारनपुर से हुआ गिरफ्तार",पाकिस्तान और अफगानिस्तान के जैश ए मोहम्मद और तहरीक ए पाकिस्तान के आतंकियों से नदीम चैट और वॉइस मैसेज के जरिए बातचीत कर रहा था.,"शुक्रवार अगस्त 12, 2022 08:29 PM IST",NDTV News
4,BJP की पूर्व प्रवक्ता नूपुर शर्मा के खिलाफ सभी FIR दिल्ली ट्रांसफर होंगी : सुप्रीम कोर्ट,सुप्रीम कोर्ट ने बुधवार को हुई सुनवाई के ये फैसला सुनाया. सुप्रीम कोर्ट ने सुनवाई के बाद कहा कि इन तमाम FIR को लेकर जांच अब दिल्ली पुलिस करेगी.,"बुधवार अगस्त 10, 2022 04:39 PM IST",NDTV News
5,नूपुर शर्मा के समर्थन में पोस्ट करने पर अहमदनगर में युवक पर जानलेवा हमला,पुलिस की शुरुआती जांच में पता चला है कि चार अगस्त की शाम मुस्लिम समुदाय के 10 से 15 युवकों ने पहले प्रतीक को उसके दोस्त अमित के साथ अक्काबाई चौक पर रोका और बाद में उसपर तलवार और डंडों से हमला किया.,"शनिवार अगस्त 6, 2022 08:57 PM IST",NDTV News
6,"नूपुर शर्मा की हत्या की साज़िश के पीछे पाकिस्तानी संगठन, सीमापार से भेजा आतंकी गिरफ्तार",भाजपा की निलंबित प्रवक्ता नूपुर शर्मा की कथित तौर पर हत्या करने के लिए अंतरराष्ट्रीय सीमा के रास्ते भारत आए एक पाकिस्तानी नागरिक को राजस्थान के श्रीगंगानगर जिले में गिरफ्तार किया गया है.,"गुरुवार जुलाई 21, 2022 09:21 AM IST",NDTV News
7,"MP: नूपुर शर्मा का समर्थन करने पर बजरंग दल के कार्यकर्ता पर हमला, दो गिरफ्तार",आयुष का कहना है कि आरोपियों ने पहले उस से पूछा कि क्या उसका नाम आयुष जादम है. जब उसने हां कहां तो सभी लोग उसपर टूट पड़े.,"बुधवार जुलाई 20, 2022 11:33 PM IST",NDTV News
8,नूपुर शर्मा की हत्या के इरादे से भारतीय सीमा में घुसा पाकिस्तानी युवक गिरफ्तार,"आरोपी रिजवान पाकिस्तान (Pakistani) के मंडी बहाउद्दीन शहर का रहने वाला है. वह भाजपा (BJP) की निलंबित प्रवक्ता नूपुर शर्मा (Nupur Sharma) की हत्या के इरादे से भारत की सीमा में दाखिल हुआ था, जिसे बीएसएफ(BSF) ने गिरफ्तार कर लिया.","मंगलवार जुलाई 19, 2022 09:47 PM IST",NDTV News
9,"""उनकी जिंदगी, आजादी की रक्षा करने की जरूरत है"": नूपुर शर्मा को राहत देते हुए सुप्रीम कोर्ट","नूपुर की ओर से पेश हुए वकील मनिंदर सिंह ने कहा, ""नूपुर की जान को गंभीर खतरा है. अभी खबर मिली है कोई जान से मारने के लिए पाकिस्तान से आया है, जो पकड़ा गया है. पटना में पकड़े गए लोगों के वाट्सएप में नूपुर का पता मिला.""","मंगलवार जुलाई 19, 2022 07:41 PM IST",NDTV News
10,"युवक का आरोप- नूपुर शर्मा का समर्थन करने पर 6 बार चाकू मारा, SP बोले- मामला कुछ और",सीतामढ़ी के एसपी ने नूपुर शर्मा वाले एंगल से इंकार किया है. उनका कहना है कि कुछ युवक पान की दुकान पर सिगरेट पी रहे थे. धुएं को लेकर झगड़ा हुआ. इस मामले की जांच की जा रही है.,"मंगलवार जुलाई 19, 2022 11:02 AM IST",NDTV News
11,"""कठोर आलोचना के बाद खतरे का सामना कर रही हूं"": नूपुर शर्मा ने सुप्रीम कोर्ट से कहा",पैगंबर मोहम्मद (Prophet Muhammad) पर अपने बयानों को लेकर बीजेपी की पूर्व प्रवक्ता नुपुर शर्मा (Nupur Sharma) फिर सुप्रीम कोर्ट (Supreme Court) पहुंची हैं. सर्वोच्च अदालत से अपने खिलाफ दर्ज नौ एफआईआर (FIR) में गिरफ्तारी पर रोक लगाने की मांग की है.,"मंगलवार जुलाई 19, 2022 12:25 AM IST",NDTV News
12,"इंस्टाग्राम पर नुपुर शर्मा की तस्वीर डालने पर कारोबारी को मिली जान से मारने की धमकी, तीन गिरफ्तार","भारतीय जनता पार्टी (BJP) की निलंबित नेता नुपुर शर्मा ( Nupur Sharma)की तस्वीर इंस्टाग्राम पर डालने पर एक व्यवसायी को धमकी देने के आरोप में, गुजरात के सूरत से शुक्रवार को तीन व्यक्तियों को गिरफ्तार किया गया. पुलिस ने यह जानकारी दी.","शुक्रवार जुलाई 15, 2022 10:15 PM IST",NDTV News
13,"नूपुर शर्मा पर सुप्रीम कोर्ट की टिप्पणियों की आलोचना का मामला, अटॉर्नी जनरल ने कहा ये सुप्रीम कोर्ट की अवमानना नहीं   ","अटॉर्नी जनरल केके वेणुगोपाल ने दिल्ली हाईकोर्ट (Delhi High Court) के पूर्व जज जस्टिस एस एन ढींगरा, पूर्व ASG अमन लेखी और वरिष्ठ वकील के राम कुमार के खिलाफ अवमानना कार्यवाही शुरू करने की सहमति देने से इनकार कर दिया.","गुरुवार जुलाई 14, 2022 12:57 PM IST",NDTV News
14,नुपुर शर्मा की जीभ काटने पर 2 करोड़ रुपये इनाम देने की घोषणा करने का आरोपी गिरफ्तार,हरियाणा पुलिस ने बताया कि इनाम घोषित करने का वीडियो सोशल मीडिया पर वायरल होने के बाद पुलिस ने गुरुवार को सालहेड़ी निवासी आरोपी इरशाद प्रधान के खिलाफ मामला दर्ज किया.,"शनिवार जुलाई 9, 2022 07:26 AM IST",NDTV News
15,क्या राणा दंपति का करीबी है उमेश कोल्हे हत्याकांड का मास्टरमाइंड?,अमरावती में उमेश कोल्हे हत्याकांड की जांच NIA की तरफ से की जा रही है. NDTV की पड़ताल में सामने आया है कि अमरावती मर्डर मामले के मास्टरमाइंड ने राणा दंपति के लिए चुनाव प्रचार किया था. ,"गुरुवार जुलाई 7, 2022 07:30 PM IST",NDTV News
16,'जो कुरान पढ़ते हैं...' : हिंदू संगठन के नेता के खिलाफ हेट स्पीच का मामला दर्ज,"एक जुलाई को कुछ हिंदू संगठन के कार्यकर्ता राजस्थान के उदयपुर में दर्जी कन्हैया लाल की हत्या को लेकर विरोध प्रदर्शन कर रहे थे, उस दौरान यह बयान दिया गया.","गुरुवार जुलाई 7, 2022 10:56 AM IST",NDTV News
17,उदयपुर हत्या मामले को लेकर मुंबई की किशोरी को जान से मारने की धमकी,बुधवार को ही अजमेर में एक वकील ने दावा किया है कि उन्हें सोशल मीडिया पर धमकी मिली है कि उनके साथ भी उदयपुर जैसी घटना को ही अंजाम दिया जाएगा. वकील की तरफ से बार एसोसिएशन ने अजमेर एसपी को एक ज्ञापन भी सौंपा है.,"बुधवार जुलाई 6, 2022 11:48 PM IST",NDTV News
18,"आस्था आहत होने लगी है, इसका मतलब है कि आफत आने लगी है...","भारत में आज भी कई लोग ख़ुद को किसी राजा का वंशज मानते हैं, राजा और महाराजा कहलाते हैं, उनकी आस्था आहत हो गई तो संकट हो सकता है.ज़मानत रद्द हो सकती है.","बुधवार जुलाई 6, 2022 11:20 PM IST",NDTV News
19,"नूपुर शर्मा को समर्थन : सोशल मीडिया कमेंट पर बिहार में भिड़े युवक, राजस्थान में वकील को मिली धमकी",मामले की जांच कर रही ही पुलिस के अनुसार आरोपी युवक ने नूपुर शर्मा के समर्थन में कुछ दिन पहले ही एक सोशल मीडिया पोस्ट लिखा था.,"बुधवार जुलाई 6, 2022 05:02 PM IST",NDTV News
20,उदयपुर हत्याकांड : दो बहादुर किसानों ने कन्हैया लाल के हत्यारों का किया था 35 किमी तक पीछा,Kanhaiya Lal Murder case: राजस्थान के उदयपुर के कन्हैया लाल हत्याकांड (Kanhaiya Lal Murder case) में दो बहादुर ग्रामीणों ने हत्यारों का 35 किलोमीटर से अधिक दूरी तक पीछा किया था और उन्हें तब तक नहीं छोड़ा था जब तक कि पुलिस ने आकर उन्हें पकड़ नहीं लिया. बाइक पर भागने की कोशिश करते रहे हत्या के आरोपी गौस मोहम्मद और रियाज अख्तरी का दो किसान प्रह्लाद सिंह और शक्ति सिंह ने पीछा किया था. सामाजिक संगठनों ने इन बहादुर किसानों को नौकरी देने और इनाम देने की मांग की है.,"बुधवार जुलाई 6, 2022 01:42 PM IST",NDTV News
21,"अजमेर दरगाह का खादिम गिरफ्तार, BJP की पूर्व प्रवक्ता नूपुर शर्मा को लेकर दिया था भड़काऊ बयान",एक वीडियो क्लिप को लेकर सोमवार रात एफआईआर दर्ज होने के बाद राजस्थान पुलिस सलमान चिश्ती की तलाश कर रही थी.,"बुधवार जुलाई 6, 2022 11:46 AM IST",NDTV News
22,नुपुर शर्मा को धमकाने के आरोप में अजमेर दरगाह के मौलवी पर केस दर्ज,BJP की निलंबित प्रवक्ता नूपुर शर्मा को कथित तौर पर धमकाने का वीडियो बनाकर सोशल मीडिया पर सामने आने के बाद अजमेर दरगाह के एक खादिम (मौलवी) के खिलाफ मामला दर्ज किया गया है. पुलिस आरोपी को तलाश रही है. दरगाह पुलिस थाने में सोमवार रात को एक व्यक्ति ने सलमान चिश्ती के खिलाफ शिकायत दर्ज कराई थी.,"मंगलवार जुलाई 5, 2022 06:47 PM IST",NDTV News
23,"नूपुर शर्मा पर SC की टिप्पणी के खिलाफ उतरे पूर्व जज, पूर्व नौकरशाह और रिटायर्ड सैन्य अफसर, 117 लोगों ने लिखी खुली चिट्ठी","आज जारी किए गए खुले पत्र में कहा गया है कि न्यायमूर्ति सूर्यकांत और न्यायमूर्ति जेबी पारदीवाला की पीठ की ""दुर्भाग्यपूर्ण और अभूतपूर्व टिप्पणियां"" न्यायिक लोकाचार के अनुरूप नहीं हैं.","मंगलवार जुलाई 5, 2022 02:57 PM IST",NDTV News
24,अमरावती में केमिस्ट उमेश कोल्हे की हत्या के मामले के सभी सात आरोपी NIA की हिरासत में,राष्ट्रीय जांच एजेंसी (NIA) ने महाराष्ट्र के अमरावती (Amravati) के केमिस्ट उमेश कोल्हे (Umesh Kolhe) की हत्या के सभी सात आरोपियों को हिरासत में ले लिया है. एक पुलिस अधिकारी ने मंगलवार को यह जानकारी दी. उन्होंने कहा कि एनआईए ने सभी आरोपियों को हिरासत में ले लिया है. उन्हें अमरावती की अदालत में पेश करने के बाद सोमवार को चार दिन की ट्रांजिट रिमांड पर लिया गया. ,"मंगलवार जुलाई 5, 2022 08:10 AM IST",NDTV News
25,"सहारनपुर में हिंसा के आरोप में पुलिस ने पीट-पीटकर तोड़ दिए थे हाथ, अब आठ युवकों को कोर्ट ने कर दिया बरी","पैगम्बर मोहम्मद के खिलाफ BJP की पूर्व प्रवक्ता नूपुर शर्मा द्वारा की गई टिप्पणी को लेकर 10 जून को उत्तर प्रदेश के सहारनपुर में प्रदर्शन हुआ था. इसके बाद यूपी पुलिस ने 85 लड़कों को गिरफ़्तार किया था. पुलिस ने लड़कों को गिरफ्तार करने के बाद जमकर पीटा था. जिन लड़कों को पुलिस ने पीटा था, उनमें से आठ को सहारनपुर कोर्ट ने बाइज़्ज़त बरी कर दिया है.","सोमवार जुलाई 4, 2022 03:32 PM IST",NDTV News
26,"नुपुर शर्मा के खिलाफ अखिलेश यादव का ट्वीट 'उकसाने वाला', सपा प्रमुख पर कार्रवाई हो : राष्‍ट्रीय महिला आयोग","एनसीडब्ल्यू की अध्यक्ष रेखा शर्मा ने कहा कि ट्वीट ‘‘सरासर उकसाने वाला’’ है. शर्मा ने कहा, ‘‘ राष्ट्रीय महिला आयोग ने पाया कि अखिलेश यादव का ट्वीट नुपुर शर्मा के खिलाफ नफरत एवं द्वेष की भावना को तथा दो धार्मिक समूहों के बीच सांप्रदायिक वैमनस्य को भड़काने वाला है, जो बेहद निंदनीय है.’’","सोमवार जुलाई 4, 2022 04:20 PM IST",NDTV News
27,प्रधानमंत्री के 'न्यू इंडिया' में भक्तों से अब न्यायाधीश भी खतरे में : जयराम रमेश,"दरअसल, सुप्रीम कोर्ट में याचिका पर सुनवाई के दौरान बेंच ने पैगंबर मोहम्मद पर विवादित बयान को लेकर नुपुर शर्मा पर कई सख्त टिप्पणियां की थीं. जस्टिस जेबी पारदीवाला ने कहा था कि जजों पर उनके निर्णय़ों को लेकर हो रहे निजी हमले एक खतरनाक स्थिति की ओर बढ़ रहे हैं.","सोमवार जुलाई 4, 2022 11:22 AM IST",NDTV News
28,नुपुर शर्मा की याचिका सुनने वाले सुप्रीम कोर्ट के जज ने 'पर्सनल अटैक' करने वालों को फटकारा,जस्टिस पारदीवाला और जस्टिस सूर्यकांत मिश्रा दोनों को सोशल मीडिया पर कुछ यूजर्स ने उनकी याचिका की सुनवाई के दौरान नुपुर शर्मा के खिलाफ मौखिक टिप्पणियों के बाद निशाना बनाया है.,"रविवार जुलाई 3, 2022 11:50 PM IST",NDTV News
29,"मारे गए केमिस्ट ने नुपुर शर्मा से जुड़ी पोस्ट व्हाट्सएप ग्रुप में पोस्ट की थी, जिसमें मुस्लिम भी थे सदस्य : पुलिस","वरिष्ठ पुलिस अधिकारी विक्रम साली ने भारी दबाव के बीच कहा, ""आरोपियों ने बताया कि उन्होंने नुपुर शर्मा के बारे में पोस्ट करने को लेकर कोल्हे को मार डाला.""","रविवार जुलाई 3, 2022 12:23 AM IST",NDTV News
30,कोलकाता पुलिस ने नूपुर शर्मा के खिलाफ लुकआउट नोटिस जारी किया,कोलकाता पुलिस (Kolkata Police) ने शनिवार को बीजेपी की निलंबित प्रवक्ता नूपुर शर्मा (Nupur Sharma) के लिए लुकआउट नोटिस (Lookout notice) जारी कर दिया. पैगंबर मोहम्मद पर कथित विवादास्पद टिप्पणी के मामले में आरोपी नूपुर शर्मा लगातार चौथी बार पेश नहीं हुईं. नूपुर शर्मा के कमेंट को लेकर पश्चिम बंगाल के कुछ हिस्सों में व्यापक हिंसा हुई थी. ,"शनिवार जुलाई 2, 2022 06:48 PM IST",NDTV News
31,"उमेश कोल्हे के भाई ने कहा, समझ नहीं आ रहा; सिर्फ कुछ मैसेज भेजने पर हत्या?","Umesh Kolhe murder Case: महाराष्ट्र (Maharashtra) के अमरावती शहर में 21 जून को गला रेतकर हुई केमिस्ट उमेश कोल्हे (Umesh Kolhe) की हत्या के मामले को लेकर उनके भाई महेश कोल्हे ने कहा है कि उनके भाई ने नूपुर शर्मा (Nupur Sharma) के बारे में व्हाट्सऐप पर कुछ मैसेज भेजे थे, लेकिन यह समझना मुश्किल है कि इनके कारण उनकी हत्या क्यों की गई?   ","शनिवार जुलाई 2, 2022 07:28 PM IST",NDTV News
32,"""नूपुर शर्मा सहयोग कर रही हैं"", कोर्ट की फटकार के बाद दिल्ली पुलिस का बयान - सूत्र",पुलिस उपायुक्त (आईएफएसओ) के पी एस मल्होत्रा ने कहा कि दंड प्रक्रिया संहिता की धारा 41 ए (पुलिस अधिकारी के समक्ष पेश होने का नोटिस) के तहत शर्मा को 18 जून को नोटिस जारी किया गया था और कानून के मुताबिक उनका बयान दर्ज किया गया था.,"शनिवार जुलाई 2, 2022 12:06 AM IST",NDTV News
33,"""देर आए, दुरुस्‍त आए लेकिन..."" : नुपुर शर्मा मामले में सुप्रीम कोर्ट की तल्‍ख टिप्‍पणी पर नजीब जंग","इस सवाल पर कि आरिफ मोहम्‍मद खान ने कहा है कि जो कट्टरवाद पैदा हो रहा उसके पीछे मुख्‍य रूप से मदरसे है जो गलत शिक्षा दे रहे हैं, जंग ने कहा, ""आरिफ साब विद्वान हैं. मैं उनकी बेहद इज्‍जत करता हूं लेकिन उनकी इस बात से इत्‍तेफाक नहीं रखता. देश के स्‍वाधीनता आंदोलन में मदरसों का अहम योगदान रहा है. ""","शुक्रवार जुलाई 1, 2022 10:01 PM IST",NDTV News
34,"नूपुर शर्मा मामलाः सुप्रीम कोर्ट ने टीवी डिबेट एजेंडा, दिल्ली पुलिस पर उठाए सवाल","न्यायमूर्ति सूर्यकांत ने कहा, ""... जब आप दूसरों के खिलाफ प्राथमिकी (FIR) दर्ज करते हैं तो उन्हें तुरंत गिरफ्तार कर लिया जाता है लेकिन जब यह आपके खिलाफ होता है तो किसी ने आपको छूने की हिम्मत नहीं की.""","शुक्रवार जुलाई 1, 2022 02:32 PM IST",NDTV News
35,"""जिद्दी और अहंकारी..."" नूपुर शर्मा की याचिका पर सुनवाई के दौरान SC ने लगाई कड़ी फटकार, पढ़ें कोर्ट की 5 बड़ी टिप्पणी",पैगंबर मोहम्मद (Prophet Row) पर विवादित टिप्पणी कर सुर्खियों में आईं बीजेपी की निलंबित प्रवक्ता नूपुर शर्मा (Nupur Sharma) को शुक्रवार को सुप्रीम कोर्ट ने जमकर फटकार लगाई. देश भर के अलग-अलग कोर्ट और थानों में दर्ज मामलों को दिल्ली शिफ्ट करने की मांग को लेकर दायर याचिका पर सुनवाई करते हुए जस्टिस सूर्यकांत ने पूर्व बीजेपी नेता पर कई तीखी टिप्पणियां कीं और उन्हें देश में हो रही हिंसात्मक घटनाओं का जिम्मेदार बताते हुए माफी मांगने को कहा. कोर्ट ने उनके वकील सीनियर लॉयर मनिंदर सिंह को भी फटकार लगाई.,"शुक्रवार जुलाई 1, 2022 01:17 PM IST",NDTV News
36,"निलंबित BJP नेता नूपुर शर्मा को ""सारे देश से माफी मांगनी चाहिए"" : सुप्रीम कोर्ट","सुप्रीम कोर्ट ने आज कहा कि भाजपा नेता नूपुर शर्मा, जिनकी पैगंबर मुहम्मद पर टिप्पणियों ने खाड़ी देशों में भारी गुस्सा पैदा किया और देश में विरोध प्रदर्शन किया, को ""पूरे देश"" से माफी मांगनी चाहिए. सुप्रीम कोर्ट ने यह भी कहा कि देश में जो हो रहा है उसके लिए वे अकेले ही जिम्मेवार है.","शुक्रवार जुलाई 1, 2022 12:35 PM IST",NDTV News
37,'2 लोगों ने मेरी दुकान की रेकी की... मेरी सुरक्षा करें' : हत्या से पहले उदयपुर के टेलर ने पुलिस से की थी शिकायत,"कन्हैया लाल को उसकी दुकान में दो लोगों, गोस मोहम्मद और रियाज़ अख्तरी ने मार डाला. इसके साथ ही इस दौरान उन्होंने इस पूरी वारदात को कैमरे में कैद किया.","बुधवार जून 29, 2022 04:50 PM IST",NDTV News
38,'हमे एकजुट होकर नफ़रत को हराना है': उदयपुर मर्डर के बाद राहुल गांधी,राजस्थान के उदयपुर में नूपुर शर्मा के समर्थन में पोस्ट शेयर करने के बाद  एक दर्जी की सरेआम हत्या कर दी गई. कांग्रेस नेता राहुल गांधी (Rahul Gandhi) ने इस घटना की निंदा करते हुए लोगों से शांत रहने की अपील की.,"मंगलवार जून 28, 2022 10:13 PM IST",NDTV News
39,"उदयपुर : पीड़ित परिवार की सुरक्षा की गुहार राजस्थान पुलिस ने नहीं सुनी, नेता विपक्ष कटारिया का आरोप",उदयपुर में इस घटना के बाद राजस्थान में विपक्ष के नेता गुलाबचंद कटारिया (Gulab Chand Kataria) ने कहा कि एक गैंग के तहत इस तरह की घटना को अंजाम दिया जा रहा है.,"मंगलवार जून 28, 2022 09:24 PM IST",NDTV News
40,"Udaipur Murder: सोशल मीडिया पोस्ट को लेकर टेलर कन्हैया लाल की हत्या, 2 गिरफ्तार; कई हिस्सों में कर्फ्यू","जयपुर: राजस्थान के उदयपुर शहर में एक दर्जी की उसकी दुकान पर हत्या कर दी गई. उसके हत्यारों के द्वारा फिल्माई गई हत्या ने बड़े पैमाने पर तनाव पैदा कर दिया है. शहर के कई हिस्सों में कर्फ्यू लग गया है. वहीं, राजस्थान में अगले 24 घंटों तक के लिए इंटरनेट बंद कर दिया गया है. यहां करीबन 600 और पुलिसकर्मियों को बुलाया गया है. मुख्यमंत्री अशोक गहलोत ने शांति की अपील की है. वहीं एनआईए की टीम भी उदयपुर पहुंच रही है. सरकारी सूत्रों ने बताया है कि इस मामले को आंतकी घटना मानकर जांच की जा रही है.","मंगलवार जून 28, 2022 10:22 PM IST",NDTV News
41,"Udaipur Murder LIVE Updates: जांच के लिए SIT का गठन, राजस्थान में इंटरनेट 24 घंटे के लिए बंद",Udaipur LIVE Updates : उदयपुर में टेलर कन्हैया लाल साहू की हत्या को लेकर तनाव फैल गया है. कन्हैया लाल साहू की दिनदहाड़े भीड़ भरे बाजार में उनकी दुकान के भीतर हत्या कर दी गई. कन्हैया लाल साहू को बीजेपी से निष्कासित नेता नुपुर शर्मा के समर्थन में सोशल मीडिया पोस्ट के बाद से लगातार जान से मारने की धमकियां मिल रही थीं.,"बुधवार जून 29, 2022 12:19 AM IST",NDTV News
42,"उदयपुर हत्याकांड : ""हत्या का वीडियो न देखें, भयानक है..."", शहर के शीर्ष पुलिस अधिकारी की अपील","राजस्थान के एडीजी लॉ एंड ऑर्डर हवा सिंह घुमारिया ने कहा कि कन्हैयालाल साहू के हत्याकांड से जुड़ा वीडियो बेहद डराने वाला है. घुमारिया ने मीडिया से भी अपील की है कि वे इस वीडियो को प्रसारित न करें, यह बेहद आपत्तिजनक वीडियो है.","मंगलवार जून 28, 2022 09:39 PM IST",NDTV News
43,"'नफरत फैलाने वालों को छू तक नहीं रही भाजपा, सच बोलने वालों की हो रही गिरफ्तारी' : ममता बनर्जी",पश्चिम बंगाल की मुख्यमंत्री ममता बनर्जी (Mamata Banerjee) ने मंगलवार को ‘ऑल्ट न्यूज’ के सह-संस्थापक जुबैर अहमद (Zubair Ahmed) और कार्यकर्ता तीस्ता सीतलवाड़ की गिरफ्तारी को लेकर मंगलवार को भाजपा के नेतृत्व वाली केंद्र सरकार पर निशाना साधा.,"मंगलवार जून 28, 2022 04:48 PM IST",NDTV News
44,"""मिसेज फ्रिंज शर्मा आनंद उठा रहीं..."": मोहम्मद जुबैर की गिरफ्तारी पर बोलीं महुआ मोइत्रा","तृणमूल कांग्रेस सांसद महुआ मोइत्रा (Mahua Moitra) ने दिल्ली पुलिस को आड़े हाथों लिया है. उन्होंने कहा, ""साहिब को खुश करने के लिए झुक गई""","सोमवार जून 27, 2022 11:56 PM IST",NDTV News
45,"नुपुर शर्मा मुंबई पुलिस के सामने पेश नहीं हुईं, पैगंबर के खिलाफ विवादित बयान पर दर्ज हुआ केस",नुपुर शर्मा पैगंबर मोहम्मद के बारे में की गई टिप्पणी के मामले में एक बार फिर कोलकाता पुलिस के सामने पेश नहीं हुईं. शर्मा की टिप्पणी के खिलाफ पश्चिम बंगाल के विभिन्न हिस्सों में विरोध प्रदर्शन हुए थे.,"शनिवार जून 25, 2022 10:58 PM IST",NDTV News
46,पैगंबर पर टिप्पणी के बाद अब बरेली से उठी नूपुर शर्मा की गिरफ्तारी की मांग,"इस दौरान लोगों ने शांतिपूर्ण तरीके से दुरूद शरीफ पढ़ा और देश में शांति व भाईचारा बने रहने की दुआ की. आईएमसी के अध्यक्ष मौलाना तौकीर रज़ा खां ने इस मौके पर कहा कि हम कितने समय से भाजपा की पूर्व राष्ट्रीय प्रवक्ता नूपुर शर्मा की गिफ्तारी मांग कर रहे हैं, लेकिन सरकार नहीं सुन रही है.","रविवार जून 19, 2022 11:27 PM IST",NDTV News
47,'अब कितने प्रदर्शनकारियों के घर बुलडोजर...' : अग्निपथ योजना के खिलाफ हो रहे प्रदर्शनों के बीच ओवैसी का तंज,एआईएमआईएम प्रमुख असदुद्दीन ओवैसी (Asaduddin Owaisi) भाजपा सरकार पर लगातार हमलावर हैं. उन्होंने आपत्तिजनक टिप्पणी के लिए निलंबित भाजपा प्रवक्ता नुपुर शर्मा की गिरफ्तारी की मांग की है.,"रविवार जून 19, 2022 11:03 AM IST",NDTV News
48,'6-7 महीनों में नुपुर शर्मा को बड़ा नेता बना दिया जाएगा' : ओवैसी ने BJP पर साधा निशाना,पैगंबर मोहम्मद के खिलाफ विवादास्पद टिप्पणी का देश-दुनिया के कई हिस्सों में विरोध होने के बाद भाजपा ने पांच जून को नुपुर शर्मा को निलंबित कर दिया था और जिंदल को निष्कासित कर दिया था.,"रविवार जून 19, 2022 09:31 AM IST",NDTV News
49,आतंकवाद के खतरे से निपटने के लिए दिल्ली पुलिस का डमी ट्रायल,दिल्ली पुलिस स्पेशल सेल (Delhi Police Special Cell ) के सूत्रों ने पुष्टि की है कि पूरी दिल्ली में अलग-अलग जगहों पर पुलिस की अलर्टनेस की जांच करने के लिए डमी आईईडी लगाई गयीं.,"शनिवार जून 18, 2022 05:29 PM IST",NDTV News
50,"Udaipur Murder: सोशल मीडिया पोस्ट को लेकर टेलर कन्हैया लाल की हत्या, 2 गिरफ्तार; कई हिस्सों में कर्फ्यू","जयपुर: राजस्थान के उदयपुर शहर में एक दर्जी की उसकी दुकान पर हत्या कर दी गई. उसके हत्यारों के द्वारा फिल्माई गई हत्या ने बड़े पैमाने पर तनाव पैदा कर दिया है. शहर के कई हिस्सों में कर्फ्यू लग गया है. वहीं, राजस्थान में अगले 24 घंटों तक के लिए इंटरनेट बंद कर दिया गया है. यहां करीबन 600 और पुलिसकर्मियों को बुलाया गया है. मुख्यमंत्री अशोक गहलोत ने शांति की अपील की है. वहीं एनआईए की टीम भी उदयपुर पहुंच रही है. सरकारी सूत्रों ने बताया है कि इस मामले को आंतकी घटना मानकर जांच की जा रही है.","मंगलवार जून 28, 2022 10:22 PM IST",NDTV News
51,"Udaipur Murder LIVE Updates: जांच के लिए SIT का गठन, राजस्थान में इंटरनेट 24 घंटे के लिए बंद",Udaipur LIVE Updates : उदयपुर में टेलर कन्हैया लाल साहू की हत्या को लेकर तनाव फैल गया है. कन्हैया लाल साहू की दिनदहाड़े भीड़ भरे बाजार में उनकी दुकान के भीतर हत्या कर दी गई. कन्हैया लाल साहू को बीजेपी से निष्कासित नेता नुपुर शर्मा के समर्थन में सोशल मीडिया पोस्ट के बाद से लगातार जान से मारने की धमकियां मिल रही थीं.,"बुधवार जून 29, 2022 12:19 AM IST",NDTV News
52,"उदयपुर हत्याकांड : ""हत्या का वीडियो न देखें, भयानक है..."", शहर के शीर्ष पुलिस अधिकारी की अपील","राजस्थान के एडीजी लॉ एंड ऑर्डर हवा सिंह घुमारिया ने कहा कि कन्हैयालाल साहू के हत्याकांड से जुड़ा वीडियो बेहद डराने वाला है. घुमारिया ने मीडिया से भी अपील की है कि वे इस वीडियो को प्रसारित न करें, यह बेहद आपत्तिजनक वीडियो है.","मंगलवार जून 28, 2022 09:39 PM IST",NDTV News
53,"'नफरत फैलाने वालों को छू तक नहीं रही भाजपा, सच बोलने वालों की हो रही गिरफ्तारी' : ममता बनर्जी",पश्चिम बंगाल की मुख्यमंत्री ममता बनर्जी (Mamata Banerjee) ने मंगलवार को ‘ऑल्ट न्यूज’ के सह-संस्थापक जुबैर अहमद (Zubair Ahmed) और कार्यकर्ता तीस्ता सीतलवाड़ की गिरफ्तारी को लेकर मंगलवार को भाजपा के नेतृत्व वाली केंद्र सरकार पर निशाना साधा.,"मंगलवार जून 28, 2022 04:48 PM IST",NDTV News
54,"""मिसेज फ्रिंज शर्मा आनंद उठा रहीं..."": मोहम्मद जुबैर की गिरफ्तारी पर बोलीं महुआ मोइत्रा","तृणमूल कांग्रेस सांसद महुआ मोइत्रा (Mahua Moitra) ने दिल्ली पुलिस को आड़े हाथों लिया है. उन्होंने कहा, ""साहिब को खुश करने के लिए झुक गई""","सोमवार जून 27, 2022 11:56 PM IST",NDTV News
55,"नुपुर शर्मा मुंबई पुलिस के सामने पेश नहीं हुईं, पैगंबर के खिलाफ विवादित बयान पर दर्ज हुआ केस",नुपुर शर्मा पैगंबर मोहम्मद के बारे में की गई टिप्पणी के मामले में एक बार फिर कोलकाता पुलिस के सामने पेश नहीं हुईं. शर्मा की टिप्पणी के खिलाफ पश्चिम बंगाल के विभिन्न हिस्सों में विरोध प्रदर्शन हुए थे.,"शनिवार जून 25, 2022 10:58 PM IST",NDTV News
56,पैगंबर पर टिप्पणी के बाद अब बरेली से उठी नूपुर शर्मा की गिरफ्तारी की मांग,"इस दौरान लोगों ने शांतिपूर्ण तरीके से दुरूद शरीफ पढ़ा और देश में शांति व भाईचारा बने रहने की दुआ की. आईएमसी के अध्यक्ष मौलाना तौकीर रज़ा खां ने इस मौके पर कहा कि हम कितने समय से भाजपा की पूर्व राष्ट्रीय प्रवक्ता नूपुर शर्मा की गिफ्तारी मांग कर रहे हैं, लेकिन सरकार नहीं सुन रही है.","रविवार जून 19, 2022 11:27 PM IST",NDTV News
57,'अब कितने प्रदर्शनकारियों के घर बुलडोजर...' : अग्निपथ योजना के खिलाफ हो रहे प्रदर्शनों के बीच ओवैसी का तंज,एआईएमआईएम प्रमुख असदुद्दीन ओवैसी (Asaduddin Owaisi) भाजपा सरकार पर लगातार हमलावर हैं. उन्होंने आपत्तिजनक टिप्पणी के लिए निलंबित भाजपा प्रवक्ता नुपुर शर्मा की गिरफ्तारी की मांग की है.,"रविवार जून 19, 2022 11:03 AM IST",NDTV News
58,'6-7 महीनों में नुपुर शर्मा को बड़ा नेता बना दिया जाएगा' : ओवैसी ने BJP पर साधा निशाना,पैगंबर मोहम्मद के खिलाफ विवादास्पद टिप्पणी का देश-दुनिया के कई हिस्सों में विरोध होने के बाद भाजपा ने पांच जून को नुपुर शर्मा को निलंबित कर दिया था और जिंदल को निष्कासित कर दिया था.,"रविवार जून 19, 2022 09:31 AM IST",NDTV News
59,आतंकवाद के खतरे से निपटने के लिए दिल्ली पुलिस का डमी ट्रायल,दिल्ली पुलिस स्पेशल सेल (Delhi Police Special Cell ) के सूत्रों ने पुष्टि की है कि पूरी दिल्ली में अलग-अलग जगहों पर पुलिस की अलर्टनेस की जांच करने के लिए डमी आईईडी लगाई गयीं.,"शनिवार जून 18, 2022 05:29 PM IST",NDTV News
60,दिल्ली : नुपुर शर्मा के खिलाफ धमकी भरा पोस्ट शेयर करने वाला गिरफ्तार,पुलिस के मुताबिक सतपाल तंवर भीम सेना का अध्यक्ष है. पैगंबर मोहम्मद पर नुपुर शर्मा द्वारा की गई विवादित टिप्पणी के बाद आरोप ने भड़काऊ पोस्ट किया था.,"शनिवार जून 18, 2022 02:03 AM IST",NDTV News
61,"नुपुर शर्मा का नहीं चल रहा पता, पांच दिन से दिल्‍ली में है मुंबई पुलिस की टीम : महाराष्‍ट्र सरकार सूत्र",नुपुर को लाने के लिए मुंबई पुलिस की एक टीम दिल्ली में है पर वे मिल नही रहीं. महाराष्ट्र गृह मंत्रालय के सूत्रों के मुताबिक मुंबई पुलिस के पास नूपुर शर्मा को गिरफ़्तार करने के लिए पर्याप्त सबूत हैं.,"शुक्रवार जून 17, 2022 02:46 PM IST",NDTV News
62,"'BJP के 2 अधिकारियों की टिप्पणी आपत्तिजनक और निंदनीय', पैगंबर विवाद पर बोला अमेरिका","अमेरिकी विदेश विभाग के प्रवक्ता नेड प्राइस ने गुरुवार को संवाददाताओं से कहा, हम भाजपा के दो अधिकारियों द्वारा की गई आपत्तिजनक टिप्पणियों की निंदा करते हैं लेकिन हमें यह देखकर खुशी हुई कि पार्टी ने सार्वजनिक रूप से उन टिप्पणियों की निंदा की है.""","शुक्रवार जून 17, 2022 07:53 AM IST",NDTV News
63,"मुस्लिमों को लेकर संगीतकार विशाल ददलानी का ट्वीट- 'आपका दर्द हमारा दर्द', शशि थरूर ने कहा- ""शाबाश...""","नूपुर शर्मा ने पिछले महीने एक टीवी डिबेट के दौरान पैगंबर मोहम्मद पर आपत्तिजनक टिप्पणी की थी. जिसपर ईरान, इराक, कुवैत, कतर, सऊदी अरब, ओमान, यूएई, जॉर्डन, अफगानिस्तान, बहरीन, मालदीव, लीबिया और इंडोनेशिया सहित कम से कम 15 देशों ने आधिकारिक विरोध जताया है.","शुक्रवार जून 17, 2022 07:23 AM IST",NDTV News
64,"नुपुर शर्मा के समर्थन में सोशल मीडिया पर युवक को स्टेटस लगाना पड़ा भारी, दोस्तों ने कर दी पिटाई, 3 गिरफ्तार",स्थानीय पुलिस अब मामला दर्ज कर जांच में जुटी है. मामले में 3 आरोपी गिरफ्तार किए जा चुके हैं.  ,"शुक्रवार जून 17, 2022 01:54 AM IST",NDTV News
65,"फेसबुक पर 'आपत्तिजनक' पोस्ट डालने पर बीजेपी नेता गिरफ्तार, नुपुर शर्मा का किया था समर्थन",झारखंड (Jharkhand) के सरायकेला-खरसावां जिले में भारतीय जनता पार्टी (BJP) के एक स्थानीय नेता को पार्टी की निलंबित प्रवक्ता नुपुर शर्मा (Nupur Sharma) के समर्थन में फेसबुक पर 'आपत्तिजनक' पोस्ट डालने के लिए गिरफ्तार किया गया है.,"मंगलवार जून 14, 2022 09:30 PM IST",NDTV News
66,"नूपुर शर्मा पर कार्रवाई को लेकर सुप्रीम कोर्ट में जनहित याचिका दाखिल, गिरफ्तारी की मांग",याचिका में कहा गया है कि शर्मा के बयान ने देश में और विश्व भर में बड़ा असंतोष और हंगामा मचाया है. नूपुर शर्मा के बयान की वजह से हमारे महान राष्ट्र की छवि कलंकित हुई है.,"मंगलवार जून 14, 2022 09:02 PM IST",NDTV News
67,पैगंबर टिप्‍पणी विवाद : भद्रवाह में नौ लोग हिरासत में; किश्तवाड़ में पांच घंटे के लिए कर्फ्यू में ढील,"जम्मू-कश्मीर (Jammu-Kashmir) के डोडा जिले के कर्फ्यू वाले भद्रवाह शहर में मंगलवार को नौ लोगों को हिरासत में लिया गया, जबकि किश्तवाड़ जिला मुख्यालय में पांच घंटे के लिए प्रतिबंधों में ढील दी गई.","मंगलवार जून 14, 2022 06:20 PM IST",NDTV News
68,BJP ने प्रज्ञा ठाकुर को मध्य प्रदेश नगरीय निकाय चुनाव चयन समिति से क्यों किया बाहर?,चार दिन पहले नूपुर शर्मा का बचाव करते हुए उन्होंने ट्वीट किया था कि अगर सच बोलना बगावत है तो मैं भी बागी हूं. उसी दिन समिति की घोषणा की गई.,"मंगलवार जून 14, 2022 01:10 PM IST",NDTV News
69,'अहंकार और पूर्वाग्रह को त्यागना महत्वपूर्ण है' : पैगंबर पर विवादित टिप्पणी को लेकर हो रहे विवाद में अब चीन भी कूदा,गौरतलब है कि चीनी विदेश मंत्रालय के प्रवक्ता की यह टिप्पणी पाकिस्तानी सेना प्रमुख जनरल कमर जावेद बाजवा के चीन दौरे के एक दिन बाद आई है.,"मंगलवार जून 14, 2022 05:26 AM IST",NDTV News
70,दिल्ली : नुपुर शर्मा के खिलाफ धमकी भरा पोस्ट शेयर करने वाला गिरफ्तार,पुलिस के मुताबिक सतपाल तंवर भीम सेना का अध्यक्ष है. पैगंबर मोहम्मद पर नुपुर शर्मा द्वारा की गई विवादित टिप्पणी के बाद आरोप ने भड़काऊ पोस्ट किया था.,"शनिवार जून 18, 2022 02:03 AM IST",NDTV News
71,"नुपुर शर्मा का नहीं चल रहा पता, पांच दिन से दिल्‍ली में है मुंबई पुलिस की टीम : महाराष्‍ट्र सरकार सूत्र",नुपुर को लाने के लिए मुंबई पुलिस की एक टीम दिल्ली में है पर वे मिल नही रहीं. महाराष्ट्र गृह मंत्रालय के सूत्रों के मुताबिक मुंबई पुलिस के पास नूपुर शर्मा को गिरफ़्तार करने के लिए पर्याप्त सबूत हैं.,"शुक्रवार जून 17, 2022 02:46 PM IST",NDTV News
72,"'BJP के 2 अधिकारियों की टिप्पणी आपत्तिजनक और निंदनीय', पैगंबर विवाद पर बोला अमेरिका","अमेरिकी विदेश विभाग के प्रवक्ता नेड प्राइस ने गुरुवार को संवाददाताओं से कहा, हम भाजपा के दो अधिकारियों द्वारा की गई आपत्तिजनक टिप्पणियों की निंदा करते हैं लेकिन हमें यह देखकर खुशी हुई कि पार्टी ने सार्वजनिक रूप से उन टिप्पणियों की निंदा की है.""","शुक्रवार जून 17, 2022 07:53 AM IST",NDTV News
73,"मुस्लिमों को लेकर संगीतकार विशाल ददलानी का ट्वीट- 'आपका दर्द हमारा दर्द', शशि थरूर ने कहा- ""शाबाश...""","नूपुर शर्मा ने पिछले महीने एक टीवी डिबेट के दौरान पैगंबर मोहम्मद पर आपत्तिजनक टिप्पणी की थी. जिसपर ईरान, इराक, कुवैत, कतर, सऊदी अरब, ओमान, यूएई, जॉर्डन, अफगानिस्तान, बहरीन, मालदीव, लीबिया और इंडोनेशिया सहित कम से कम 15 देशों ने आधिकारिक विरोध जताया है.","शुक्रवार जून 17, 2022 07:23 AM IST",NDTV News
74,"नुपुर शर्मा के समर्थन में सोशल मीडिया पर युवक को स्टेटस लगाना पड़ा भारी, दोस्तों ने कर दी पिटाई, 3 गिरफ्तार",स्थानीय पुलिस अब मामला दर्ज कर जांच में जुटी है. मामले में 3 आरोपी गिरफ्तार किए जा चुके हैं.  ,"शुक्रवार जून 17, 2022 01:54 AM IST",NDTV News
75,"फेसबुक पर 'आपत्तिजनक' पोस्ट डालने पर बीजेपी नेता गिरफ्तार, नुपुर शर्मा का किया था समर्थन",झारखंड (Jharkhand) के सरायकेला-खरसावां जिले में भारतीय जनता पार्टी (BJP) के एक स्थानीय नेता को पार्टी की निलंबित प्रवक्ता नुपुर शर्मा (Nupur Sharma) के समर्थन में फेसबुक पर 'आपत्तिजनक' पोस्ट डालने के लिए गिरफ्तार किया गया है.,"मंगलवार जून 14, 2022 09:30 PM IST",NDTV News
76,"नूपुर शर्मा पर कार्रवाई को लेकर सुप्रीम कोर्ट में जनहित याचिका दाखिल, गिरफ्तारी की मांग",याचिका में कहा गया है कि शर्मा के बयान ने देश में और विश्व भर में बड़ा असंतोष और हंगामा मचाया है. नूपुर शर्मा के बयान की वजह से हमारे महान राष्ट्र की छवि कलंकित हुई है.,"मंगलवार जून 14, 2022 09:02 PM IST",NDTV News
77,पैगंबर टिप्‍पणी विवाद : भद्रवाह में नौ लोग हिरासत में; किश्तवाड़ में पांच घंटे के लिए कर्फ्यू में ढील,"जम्मू-कश्मीर (Jammu-Kashmir) के डोडा जिले के कर्फ्यू वाले भद्रवाह शहर में मंगलवार को नौ लोगों को हिरासत में लिया गया, जबकि किश्तवाड़ जिला मुख्यालय में पांच घंटे के लिए प्रतिबंधों में ढील दी गई.","मंगलवार जून 14, 2022 06:20 PM IST",NDTV News
78,BJP ने प्रज्ञा ठाकुर को मध्य प्रदेश नगरीय निकाय चुनाव चयन समिति से क्यों किया बाहर?,चार दिन पहले नूपुर शर्मा का बचाव करते हुए उन्होंने ट्वीट किया था कि अगर सच बोलना बगावत है तो मैं भी बागी हूं. उसी दिन समिति की घोषणा की गई.,"मंगलवार जून 14, 2022 01:10 PM IST",NDTV News
79,'अहंकार और पूर्वाग्रह को त्यागना महत्वपूर्ण है' : पैगंबर पर विवादित टिप्पणी को लेकर हो रहे विवाद में अब चीन भी कूदा,गौरतलब है कि चीनी विदेश मंत्रालय के प्रवक्ता की यह टिप्पणी पाकिस्तानी सेना प्रमुख जनरल कमर जावेद बाजवा के चीन दौरे के एक दिन बाद आई है.,"मंगलवार जून 14, 2022 05:26 AM IST",NDTV News
80,पैगंबर मोहम्मद टिप्पणी मामला : नुपुर शर्मा ने भिवंडी पुलिस के समक्ष पेश होने के लिए समय मांगा,भिवंडी के एक पुलिस अधिकारी ने शाम को संवाददाताओं को बताया कि शर्मा ने अपने वकील के माध्यम से ठाणे पुलिस को एक ईमेल भेजा और अपना बयान दर्ज करने के वास्ते पुलिस के सामने पेश होने के लिए चार सप्ताह का समय मांगा.,"मंगलवार जून 14, 2022 04:50 AM IST",NDTV News
81,पैगंबर बयान विवाद : भारत से 'समझौता' करने के आरोपों पर बांग्लादेश के मंत्री ने दी सफाई,"बांग्लादेश के आईटी मंत्री ने कहा, बांग्लादेश सरकार इस मुद्दे पर न तो समझौता कर रही है और न ही कभी ऐसा करेगी. हमने सार्वजनिक और आधिकारिक तौर पर इन बयानों की निंदा की है.","सोमवार जून 13, 2022 11:59 PM IST",NDTV News
82,"झारखंड के जिस जख्मी पुलिसकर्मी की फोटो हुई थी वायरल, उसने बताया कैसे भीड़ हुई हिंसक","Ranchi Protest: झारखंड (Jharkhand) की राजधानी रांची में गत शुक्रवार को पैगंबर मुहम्मद (Prophet Muhammad) के बारे में बीजेपी (BJP) नेताओं की कथित टिप्पणियों के विरोध में भीड़ के प्रदर्शन और फिर हिंसा के बाद एक पुलिसकर्मी (Policeman) की खून से लथपथ सिर पर कपड़ा पकड़े एक तस्वीर वायरल हो गई. सोमवार को एनडीटीवी से बात करते हुए घायल पुलिसकर्मी डेली मार्केट स्टेशन हाउस ऑफिसर अवधेश ठाकुर ने कहा कि पुलिस को स्थिति के हिंसक होने की उम्मीद नहीं थी, हालांकि विरोध प्रदर्शन की योजना बनाई गई थी. रांची में हुई हिंसा में दो प्रदर्शनकारियों की मौत हो गई और पुलिस कर्मियों सहित 20 से अधिक लोग घायल हो गए.","सोमवार जून 13, 2022 09:26 PM IST",NDTV News
83,पैगंबर मुहम्मद पर टिप्पणी के खिलाफ विरोध प्रदर्शन करने वाले प्रवासियों को डिपोर्ट करेगा कुवैत : रिपोर्ट,यह फैसला इसलिए लिया गया क्योंकि प्रदर्शनकारियों ने कुवैत में प्रवासियों के धरने या प्रदर्शन पर रोक लगाने वाले देश के कानूनों और नियमों का उल्लंघन किया है.,"सोमवार जून 13, 2022 09:20 AM IST",NDTV News
84,"रांची हिंसा पर केंद्र ने राज्यपाल से मांगी रिपोर्ट, अब तक दर्ज हुई 25 FIR, 29 लोग नामज़द",रांची में शुक्रवार को विरोध प्रदर्शन के दौरान हुई हिंसा में दो लोगों की मौत हो गई थी. वहीं कई लोग घायल हो गए थे. अब केंद्रीय गृह मंत्रालय ने झारखंड के राज्यपाल से रांची हिंसा मामले में रिपोर्ट मांगी है.,"सोमवार जून 13, 2022 07:46 AM IST",NDTV News
85,“यूपी CM चीफ जस्टिस हो गए”; बुलडोजर कार्रवाई पर भड़के AIMIM चीफ असदुद्दीन ओवैसी,"गुजरात में असदुद्दीन ओवैसी ने उत्तर प्रदेश की सरकार पर हमला करते हुए कहा कि 'यूपी के सीएम, अब चीफ जस्टिस बन चुके हैं. वो अब फैसला करेंगे कि किसका घर तोड़ना है.'","सोमवार जून 13, 2022 08:06 AM IST",NDTV News
86,रांची में जमीयत के मौलाना के संवाददाता सम्मेलन को बीच में रोका गया,रांची में शुक्रवार को हिंसक घटना के बाद यहां माहौल तेजी से सुधर रहा है और स्थिति शांतिपूर्ण है. कहीं से किसी अप्रिय घटना की सूचना नहीं है.,"सोमवार जून 13, 2022 01:30 AM IST",NDTV News
87,"‘पैगंबर के अपमान’ को लेकर नागपुर के विज्ञान संस्थान की वेबसाइट हैक, हैकर ने अपनी पहचान भी बताई",देश के कुछ हिस्सों में भाजपा की निलंबित प्रवक्ता नूपुर शर्मा और पार्टी से निष्कासित नेता नवीन कुमार जिंदल द्वारा पैगंबर मोहम्मद के खिलाफ की गई कथित आपत्तिजनक टिप्पणी के विरोध के बीच इंस्टीट्यूट ऑफ साइंस की वेबसाइट को हैक किए जाने की यह घटना सामने आई है.,"सोमवार जून 13, 2022 12:31 AM IST",NDTV News
88,"रांची हिंसा : कैमरे में कैद, भीड़ के पथराव से बचने के लिए भागती हुई नजर आई पुलिस",Ranchi Protest: हाल ही में निलंबित बीजेपी प्रवक्ता नुपुर शर्मा (Nupur Sharma) द्वारा पैगंबर मुहम्मद (Prophet Muhammad) और इस्लाम पर की गई टिप्पणी को लेकर झारखंड (Jharkhand) के रांची में हुई हिंसा के लिए 26 लोगों को आरोपी बनाया गया है. शुक्रवार को विरोध प्रदर्शन के दौरान हुई हिंसा में दो लोगों की मौत हो गई और 20 से अधिक घायल हो गए. विरोध प्रदर्शन के सीसीटीवी फुटेज में पथराव से बचने के लिए पुलिस कर्मी भागते हुए दिख रहे हैं. भीड़ उन पर पत्थर फेंक रही थी. वीडियो में एक पुलिस कर्मी घायल होने के बाद अपना सिर पकड़े हुए दिखाई दे रहा है. इस प्रदर्शन के दौरान भीड़ ने पुलिस (Police) पर बर्तन और प्लेटें भी फेंकी.,"रविवार जून 12, 2022 10:32 PM IST",NDTV News
89,"पैगंबर टिप्पणी विवाद के बीच, गौतम गंभीर ने नूपुर शर्मा के समर्थन में किया ट्वीट","भाजपा नेता कपिल मिश्रा और जिला स्तर के नेताओं ने शर्मा का खुलकर समर्थन किया था. बीजेपी सांसद साध्वी प्रज्ञा ठाकुर ने ट्वीट किया, 'अगर सच बोलना बगावत है तो मैं भी बागी हूं.'","रविवार जून 12, 2022 10:16 PM IST",NDTV News
90,"Udaipur Murder: सोशल मीडिया पोस्ट को लेकर टेलर कन्हैया लाल की हत्या, 2 गिरफ्तार; कई हिस्सों में कर्फ्यू","जयपुर: राजस्थान के उदयपुर शहर में एक दर्जी की उसकी दुकान पर हत्या कर दी गई. उसके हत्यारों के द्वारा फिल्माई गई हत्या ने बड़े पैमाने पर तनाव पैदा कर दिया है. शहर के कई हिस्सों में कर्फ्यू लग गया है. वहीं, राजस्थान में अगले 24 घंटों तक के लिए इंटरनेट बंद कर दिया गया है. यहां करीबन 600 और पुलिसकर्मियों को बुलाया गया है. मुख्यमंत्री अशोक गहलोत ने शांति की अपील की है. वहीं एनआईए की टीम भी उदयपुर पहुंच रही है. सरकारी सूत्रों ने बताया है कि इस मामले को आंतकी घटना मानकर जांच की जा रही है.","मंगलवार जून 28, 2022 10:22 PM IST",NDTV News
91,"Udaipur Murder LIVE Updates: जांच के लिए SIT का गठन, राजस्थान में इंटरनेट 24 घंटे के लिए बंद",Udaipur LIVE Updates : उदयपुर में टेलर कन्हैया लाल साहू की हत्या को लेकर तनाव फैल गया है. कन्हैया लाल साहू की दिनदहाड़े भीड़ भरे बाजार में उनकी दुकान के भीतर हत्या कर दी गई. कन्हैया लाल साहू को बीजेपी से निष्कासित नेता नुपुर शर्मा के समर्थन में सोशल मीडिया पोस्ट के बाद से लगातार जान से मारने की धमकियां मिल रही थीं.,"बुधवार जून 29, 2022 12:19 AM IST",NDTV News
92,"उदयपुर हत्याकांड : ""हत्या का वीडियो न देखें, भयानक है..."", शहर के शीर्ष पुलिस अधिकारी की अपील","राजस्थान के एडीजी लॉ एंड ऑर्डर हवा सिंह घुमारिया ने कहा कि कन्हैयालाल साहू के हत्याकांड से जुड़ा वीडियो बेहद डराने वाला है. घुमारिया ने मीडिया से भी अपील की है कि वे इस वीडियो को प्रसारित न करें, यह बेहद आपत्तिजनक वीडियो है.","मंगलवार जून 28, 2022 09:39 PM IST",NDTV News
93,"'नफरत फैलाने वालों को छू तक नहीं रही भाजपा, सच बोलने वालों की हो रही गिरफ्तारी' : ममता बनर्जी",पश्चिम बंगाल की मुख्यमंत्री ममता बनर्जी (Mamata Banerjee) ने मंगलवार को ‘ऑल्ट न्यूज’ के सह-संस्थापक जुबैर अहमद (Zubair Ahmed) और कार्यकर्ता तीस्ता सीतलवाड़ की गिरफ्तारी को लेकर मंगलवार को भाजपा के नेतृत्व वाली केंद्र सरकार पर निशाना साधा.,"मंगलवार जून 28, 2022 04:48 PM IST",NDTV News
94,"""मिसेज फ्रिंज शर्मा आनंद उठा रहीं..."": मोहम्मद जुबैर की गिरफ्तारी पर बोलीं महुआ मोइत्रा","तृणमूल कांग्रेस सांसद महुआ मोइत्रा (Mahua Moitra) ने दिल्ली पुलिस को आड़े हाथों लिया है. उन्होंने कहा, ""साहिब को खुश करने के लिए झुक गई""","सोमवार जून 27, 2022 11:56 PM IST",NDTV News
95,"नुपुर शर्मा मुंबई पुलिस के सामने पेश नहीं हुईं, पैगंबर के खिलाफ विवादित बयान पर दर्ज हुआ केस",नुपुर शर्मा पैगंबर मोहम्मद के बारे में की गई टिप्पणी के मामले में एक बार फिर कोलकाता पुलिस के सामने पेश नहीं हुईं. शर्मा की टिप्पणी के खिलाफ पश्चिम बंगाल के विभिन्न हिस्सों में विरोध प्रदर्शन हुए थे.,"शनिवार जून 25, 2022 10:58 PM IST",NDTV News
96,पैगंबर पर टिप्पणी के बाद अब बरेली से उठी नूपुर शर्मा की गिरफ्तारी की मांग,"इस दौरान लोगों ने शांतिपूर्ण तरीके से दुरूद शरीफ पढ़ा और देश में शांति व भाईचारा बने रहने की दुआ की. आईएमसी के अध्यक्ष मौलाना तौकीर रज़ा खां ने इस मौके पर कहा कि हम कितने समय से भाजपा की पूर्व राष्ट्रीय प्रवक्ता नूपुर शर्मा की गिफ्तारी मांग कर रहे हैं, लेकिन सरकार नहीं सुन रही है.","रविवार जून 19, 2022 11:27 PM IST",NDTV News
97,'अब कितने प्रदर्शनकारियों के घर बुलडोजर...' : अग्निपथ योजना के खिलाफ हो रहे प्रदर्शनों के बीच ओवैसी का तंज,एआईएमआईएम प्रमुख असदुद्दीन ओवैसी (Asaduddin Owaisi) भाजपा सरकार पर लगातार हमलावर हैं. उन्होंने आपत्तिजनक टिप्पणी के लिए निलंबित भाजपा प्रवक्ता नुपुर शर्मा की गिरफ्तारी की मांग की है.,"रविवार जून 19, 2022 11:03 AM IST",NDTV News
98,'6-7 महीनों में नुपुर शर्मा को बड़ा नेता बना दिया जाएगा' : ओवैसी ने BJP पर साधा निशाना,पैगंबर मोहम्मद के खिलाफ विवादास्पद टिप्पणी का देश-दुनिया के कई हिस्सों में विरोध होने के बाद भाजपा ने पांच जून को नुपुर शर्मा को निलंबित कर दिया था और जिंदल को निष्कासित कर दिया था.,"रविवार जून 19, 2022 09:31 AM IST",NDTV News
99,आतंकवाद के खतरे से निपटने के लिए दिल्ली पुलिस का डमी ट्रायल,दिल्ली पुलिस स्पेशल सेल (Delhi Police Special Cell ) के सूत्रों ने पुष्टि की है कि पूरी दिल्ली में अलग-अलग जगहों पर पुलिस की अलर्टनेस की जांच करने के लिए डमी आईईडी लगाई गयीं.,"शनिवार जून 18, 2022 05:29 PM IST",NDTV News
100,पैगंबर मोहम्मद टिप्पणी मामला : नुपुर शर्मा ने भिवंडी पुलिस के समक्ष पेश होने के लिए समय मांगा,भिवंडी के एक पुलिस अधिकारी ने शाम को संवाददाताओं को बताया कि शर्मा ने अपने वकील के माध्यम से ठाणे पुलिस को एक ईमेल भेजा और अपना बयान दर्ज करने के वास्ते पुलिस के सामने पेश होने के लिए चार सप्ताह का समय मांगा.,"मंगलवार जून 14, 2022 04:50 AM IST",NDTV News
101,पैगंबर बयान विवाद : भारत से 'समझौता' करने के आरोपों पर बांग्लादेश के मंत्री ने दी सफाई,"बांग्लादेश के आईटी मंत्री ने कहा, बांग्लादेश सरकार इस मुद्दे पर न तो समझौता कर रही है और न ही कभी ऐसा करेगी. हमने सार्वजनिक और आधिकारिक तौर पर इन बयानों की निंदा की है.","सोमवार जून 13, 2022 11:59 PM IST",NDTV News
102,"झारखंड के जिस जख्मी पुलिसकर्मी की फोटो हुई थी वायरल, उसने बताया कैसे भीड़ हुई हिंसक","Ranchi Protest: झारखंड (Jharkhand) की राजधानी रांची में गत शुक्रवार को पैगंबर मुहम्मद (Prophet Muhammad) के बारे में बीजेपी (BJP) नेताओं की कथित टिप्पणियों के विरोध में भीड़ के प्रदर्शन और फिर हिंसा के बाद एक पुलिसकर्मी (Policeman) की खून से लथपथ सिर पर कपड़ा पकड़े एक तस्वीर वायरल हो गई. सोमवार को एनडीटीवी से बात करते हुए घायल पुलिसकर्मी डेली मार्केट स्टेशन हाउस ऑफिसर अवधेश ठाकुर ने कहा कि पुलिस को स्थिति के हिंसक होने की उम्मीद नहीं थी, हालांकि विरोध प्रदर्शन की योजना बनाई गई थी. रांची में हुई हिंसा में दो प्रदर्शनकारियों की मौत हो गई और पुलिस कर्मियों सहित 20 से अधिक लोग घायल हो गए.","सोमवार जून 13, 2022 09:26 PM IST",NDTV News
103,पैगंबर मुहम्मद पर टिप्पणी के खिलाफ विरोध प्रदर्शन करने वाले प्रवासियों को डिपोर्ट करेगा कुवैत : रिपोर्ट,यह फैसला इसलिए लिया गया क्योंकि प्रदर्शनकारियों ने कुवैत में प्रवासियों के धरने या प्रदर्शन पर रोक लगाने वाले देश के कानूनों और नियमों का उल्लंघन किया है.,"सोमवार जून 13, 2022 09:20 AM IST",NDTV News
104,"रांची हिंसा पर केंद्र ने राज्यपाल से मांगी रिपोर्ट, अब तक दर्ज हुई 25 FIR, 29 लोग नामज़द",रांची में शुक्रवार को विरोध प्रदर्शन के दौरान हुई हिंसा में दो लोगों की मौत हो गई थी. वहीं कई लोग घायल हो गए थे. अब केंद्रीय गृह मंत्रालय ने झारखंड के राज्यपाल से रांची हिंसा मामले में रिपोर्ट मांगी है.,"सोमवार जून 13, 2022 07:46 AM IST",NDTV News
105,“यूपी CM चीफ जस्टिस हो गए”; बुलडोजर कार्रवाई पर भड़के AIMIM चीफ असदुद्दीन ओवैसी,"गुजरात में असदुद्दीन ओवैसी ने उत्तर प्रदेश की सरकार पर हमला करते हुए कहा कि 'यूपी के सीएम, अब चीफ जस्टिस बन चुके हैं. वो अब फैसला करेंगे कि किसका घर तोड़ना है.'","सोमवार जून 13, 2022 08:06 AM IST",NDTV News
106,रांची में जमीयत के मौलाना के संवाददाता सम्मेलन को बीच में रोका गया,रांची में शुक्रवार को हिंसक घटना के बाद यहां माहौल तेजी से सुधर रहा है और स्थिति शांतिपूर्ण है. कहीं से किसी अप्रिय घटना की सूचना नहीं है.,"सोमवार जून 13, 2022 01:30 AM IST",NDTV News
107,"‘पैगंबर के अपमान’ को लेकर नागपुर के विज्ञान संस्थान की वेबसाइट हैक, हैकर ने अपनी पहचान भी बताई",देश के कुछ हिस्सों में भाजपा की निलंबित प्रवक्ता नूपुर शर्मा और पार्टी से निष्कासित नेता नवीन कुमार जिंदल द्वारा पैगंबर मोहम्मद के खिलाफ की गई कथित आपत्तिजनक टिप्पणी के विरोध के बीच इंस्टीट्यूट ऑफ साइंस की वेबसाइट को हैक किए जाने की यह घटना सामने आई है.,"सोमवार जून 13, 2022 12:31 AM IST",NDTV News
108,"रांची हिंसा : कैमरे में कैद, भीड़ के पथराव से बचने के लिए भागती हुई नजर आई पुलिस",Ranchi Protest: हाल ही में निलंबित बीजेपी प्रवक्ता नुपुर शर्मा (Nupur Sharma) द्वारा पैगंबर मुहम्मद (Prophet Muhammad) और इस्लाम पर की गई टिप्पणी को लेकर झारखंड (Jharkhand) के रांची में हुई हिंसा के लिए 26 लोगों को आरोपी बनाया गया है. शुक्रवार को विरोध प्रदर्शन के दौरान हुई हिंसा में दो लोगों की मौत हो गई और 20 से अधिक घायल हो गए. विरोध प्रदर्शन के सीसीटीवी फुटेज में पथराव से बचने के लिए पुलिस कर्मी भागते हुए दिख रहे हैं. भीड़ उन पर पत्थर फेंक रही थी. वीडियो में एक पुलिस कर्मी घायल होने के बाद अपना सिर पकड़े हुए दिखाई दे रहा है. इस प्रदर्शन के दौरान भीड़ ने पुलिस (Police) पर बर्तन और प्लेटें भी फेंकी.,"रविवार जून 12, 2022 10:32 PM IST",NDTV News
109,"पैगंबर टिप्पणी विवाद के बीच, गौतम गंभीर ने नूपुर शर्मा के समर्थन में किया ट्वीट","भाजपा नेता कपिल मिश्रा और जिला स्तर के नेताओं ने शर्मा का खुलकर समर्थन किया था. बीजेपी सांसद साध्वी प्रज्ञा ठाकुर ने ट्वीट किया, 'अगर सच बोलना बगावत है तो मैं भी बागी हूं.'","रविवार जून 12, 2022 10:16 PM IST",NDTV News
110,पैगंबर विवाद में इस्लामी मुल्कों के समूह की टिप्पणी 'अवांछित' तथा 'संकीर्ण मानसिकता वाली' : भारत,"इस्लामिक सहयोग संगठन (OIC) के महासचिव के हालिया बयान के संबंध में मीडिया के सवालों के जवाब में विदेश मंत्रालय के आधिकारिक प्रवक्ता अरिंदम बागची ने कहा, ""हमने भारत पर इस्लामिक सहयोग संगठन के महासचिव का बयान देखा है. भारत सरकार ओआईसी सचिवालय की अनुचित और संकीर्ण सोच वाली टिप्पणियों को स्पष्ट रूप से खारिज करती है.""","सोमवार जून 6, 2022 12:15 PM IST",NDTV News
111,BJP नेताओं की पैगम्बर पर टिप्पणी से गुस्साई अरब दुनिया : 5 प्वाइंट में समझें विवाद,पैगम्बर मोहम्मद के ख़िलाफ़ भारतीय जनता पार्टी (BJP) के दो नेताओं के विवादास्पद बयानों को लेकर कतर और कुवैत ने भारतीय राजदूतों को तलब कर उन्हें प्रोटेस्ट नोट थमाया है. विवाद को शांत करने की कोशिश में जुटे भारत ने कहा है कि ये टिप्पणियां 'अराजक तत्वों के विचार' हैं.,"सोमवार जून 6, 2022 09:26 AM IST",NDTV News
112,पैगंबर मोहम्मद से जुड़े विवादित बयान पर विरोध जताने वाले देशों में सऊदी अरब भी हुआ शामिल : 10 बातें,"पैगंबर मोहम्मद पर भाजपा नेता नुपुर शर्मा और नवीन जिंदल की टिप्पणी के मामले पर इस्लामिक देशों द्वारा विरोध दर्ज किया जा रहा है. पैगंबर के खिलाफ कथित रूप से 'आहत करने वाली' टिप्पणी की पाकिस्तान, सऊदी अरब, कतर, कुवैत और ईरान ने निंदा की है.हालांकि, बीजेपी की कार्रवाई का सऊदी ने स्वागत किया है. भारतीय जनता पार्टी ने अपने दोनों नेताओं के खिलाफ सख्त कदम उठाए हैं और दोनों नेताओं ने अपने बयान भी वापस ले लिए हैं.","सोमवार जून 6, 2022 12:02 PM IST",NDTV News
113,"विवादित बयान पर फजीहत, कतर, कुवैत के बाद ईरान ने भी जताया विरोध; 10 प्रमुख बातें","पैगंबर मुहम्मद पर भाजपा के दो नेताओं की टिप्पणियों के मामले पर इस्लामिक देशों ने विरोध जताया है, कतर, कुवैत और ईरान ने आज भारतीय दूतावास को तलब कर अपनी आपत्ति से अवगत करवाया. कई जगहों पर सोशल मीडिया में भारतीय उत्पादों पर प्रतिबंध लगाने के आह्वान किए जा रहे हैं. हालांकि भारतीय जनता पार्टी ने नुपुर शर्मा को पार्टी से निलंबित कर दिया है.","सोमवार जून 6, 2022 12:19 AM IST",NDTV News
114,BJP नेताओं की विवादास्पद टिप्पणी पर अरब देश नाराज : 5 अहम बातें,"पैगंबर मुहम्मद के खिलाफ बीजेपी नेताओं की विवादित टिप्पणी के बाद अरब देशों में इसकी जबरदस्त आलोचना हो रही है. कतर (Qatar) और कुवैत ने भारतीय राजदूत (Indian Ambassador) को इस मामले पर तलब किया है. साथ ही अपनी नाराजगी जताई है. घटनाक्रम पर दोहा में भारतीय दूतावास की तरफ से बयान जारी कर कहा गया है कि कतर की तरफ से आपत्तिजनक ट्वीट्स को लेकर चिंता जतायी गयी है. हालांकि, भारत ने कहा है कि भाजपा नेताओं के बयान भारत सरकार के विचारों को नहीं दर्शाते हैं.","सोमवार जून 6, 2022 12:04 AM IST",NDTV News
115,"कतर-कुवैत और ईरान ने भारतीय राजनयिक को किया तलब, पैगंबर पर विवादित बयानों को लेकर जताया ऐतराज",BJP Nupur Sharma Remark : भारत की तरफ से यह साफ कर दिया गया है कि ये ट्वीट भारत सरकार के विचारों को नहीं दर्शाते हैं. भारत सरकार विविधता में एकता की मजबूत सांस्कृतिक परंपराओं के अनुरूप सभी धर्मों को सर्वोच्च सम्मान देती है.अपमानजनक टिप्पणी करने वालों के खिलाफ पहले ही कड़ी कार्रवाई की जा चुकी है.,"रविवार जून 5, 2022 11:11 PM IST",NDTV News
116,"'महादेव के अपमान को मैं बर्दाश्त नहीं कर पाई...', पार्टी से निलंबित होने पर नुपुर शर्मा ने किया ट्वीट",पैगंबर मोहम्मद को लेकर विवादित बयान देने के आरोप में बीजेपी ने पार्टी प्रवक्ता नुपुर शर्मा को पार्टी से निलंबित कर दिया है. पार्टी की तरफ से की गयी कार्रवाई के बाद उन्होंने ट्वीट कर कहा है कि मैं अपने बयान को वापस लेती हूं. मेरी मंशा किसी को कष्ट पहुंचाने की नहीं थी.,"रविवार जून 5, 2022 06:27 PM IST",NDTV News
117,"""BJP अचानक क्यों जागी'' : उमर अब्दुल्ला ने बताया विवादास्पद बयानों पर कार्रवाई की वजह",विवादित बयान पर लगातार हो रहे विरोध के बाद बीजेपी नेता विपक्ष के निशाने पर हैं. वहीं बीजेपी ने नुपुर शर्मा को सस्पेंड कर दिया है. वहीं नवीन कुमार जिंदल को पार्टी से निष्कासित कर दिया गया है.,"रविवार जून 5, 2022 08:38 PM IST",NDTV News
118,बीजेपी डैमेज कंट्रोल में जुटी; नुपुर शर्मा के निलंबन के साथ नवीन कुमार जिंदल को पार्टी से निकाला,विवादित बयान पर लगातार हो रहे विरोध के बाद बीजेपी ने अपने नेताओं पर कार्रवाई की है. पार्टी ने नुपुर शर्मा को सस्पेंड कर दिया है. वहीं नवीन कुमार जिंदल को पार्टी से निष्कासित कर दिया गया है.,"रविवार जून 5, 2022 10:39 PM IST",NDTV News
119,"'BJP सभी धर्मों का करती है सम्मान', प्रवक्ता नुपुर शर्मा के विवादास्पद बयान से पार्टी ने किया किनारा","मुख्यालय प्रभारी अरुण सिंह ने कहा , “ बीजेपी किसी भी धर्म के पूजनीयों का अपमान स्वीकार नहीं करती है. किसी भी धर्म-संप्रदाय की भावनाओं को ठेस पहुंचाने वाला विचार स्वीकृत नहीं है.”","रविवार जून 5, 2022 02:10 PM IST",NDTV News
120,"BJP प्रवक्ता नुपुर शर्मा के खिलाफ एक और मामला दर्ज, पैगंबर मोहम्मद के खिलाफ टिप्पणी को लेकर फिर फंसी","बीजेपी प्रवक्ता ने कहा, ""मैंने पुलिस आयुक्त और दिल्ली पुलिस को टैग किया है. मुझे संदेह है कि मुझे और मेरे परिवार के सदस्यों को नुकसान हो सकता है. अगर ऐसा हुआ तो मोहम्मद जुबैर उसके पूरी तरह से जिम्मेदार होंगे.""","गुरुवार जून 2, 2022 08:58 AM IST",NDTV News
121,"बीजेपी प्रवक्ता नुपुर शर्मा के खिलाफ मुंबई पुलिस ने दर्ज किया केस, पैगंबर मोहम्मद पर टिप्पणी के चलते विवादों में हैं",रजा अकादमी का आरोप है कि बीजेपी प्रवक्ता नुपुर शर्मा ने एक चैनल पर इस्लाम और पैगंबर मोहम्मद के बारे में आपत्तिजनक टिप्पणी कर मुस्लिम समाज की भावनाओ को ठेस पहुंचाई है .,"रविवार मई 29, 2022 11:17 AM IST",NDTV News
122,"ऑपइंडिया की संपादक को राहत, प.बंगाल सरकार ने SC में केस वापस लेने की जानकारी दी","सुप्रीम कोर्ट ने कहा कि जो सार्वजनिक डोमेन में है, उसका परिणाम पत्रकारों को भुगतना पड़ता है. राजनीतिक वर्ग सहित लोगों के लिए आत्मचिंतन  का समय है.","गुरुवार दिसम्बर 9, 2021 12:13 PM IST",NDTV News
123,"Menstrual Problems: इर्रेगुलर पीरियड्स क्‍या हैं, क्या इस दौरान शरीर‍िक संबंध बनाना ठीक है? डॉक्टर से जानें पीरियड्स से जुड़े हर सवाल का जवाब","पीरियड्स को लेकर कई सवाल होते हैं, जो बार-बार महिलाओं के मन में आते रहते हैं, जैसे पीरियड्स इर्रेगुलर क्‍यों हो जाते हैं ?, पीरियड्स के दौरान शरीर‍िक संबंध बनाना ठीक है या गलत?. डॉ. नुपुर गुप्ता (निदेशक, प्रसूति एवं स्त्री रोग विशेषज्ञ, फोर्टिस गुरुग्राम) ने पीरिड्स से जुड़े इन्हीं तमाम सवालों की जानकारी दी.","बुधवार अक्टूबर 6, 2021 12:46 PM IST",NDTV News
124,"बंगाल हिंसा मामला : सुप्रीम कोर्ट से OpIndia की संपादक नुपुर शर्मा को राहत, एक अन्‍य FIR पर भी लगाई रोक","जस्टिस संजय किशन कौल और जस्टिस एम एम सुंदरेश की बेंच ने ऑपइंडिया की संपादक नूपुर जे शर्मा और संस्थापक राहुल रोशन के खिलाफ दर्ज FIR पर जांच पर रोक लगाई है . ये FIR  तेलनीपाड़ा सांप्रदायिक दंगों के संबंध में ऑपइंडिया में प्रकाशित रिपोर्टों के खिलाफ 10 जून, 2020 को दर्ज की गई थी ","शुक्रवार सितम्बर 3, 2021 01:26 PM IST",NDTV News
125,#SareeTwitter में प्रियंका गांधी वाड्रा और यामी गौतम ही नहीं आम महिलाओं की ये तस्वीरें भी हुईं Viral,"#SareeTwitter सोशल मीडिया पर ट्रेंड कर रहा है. प्रियंका गांधी वाड्रा, टीवी एट्रेस सुज़ैन बर्नेट, शिव सेना नेता प्रिंयका चतुर्वेदी, बीजेपी नेता नुपूर शर्मा, एक्ट्रेस नगमा, एक्ट्रेस मीरा चोपड़ा, यामी गौतम, गुल पनाग, दिव्या दत्ता, रेणुका शहाणे और लेखिका नंदीता अइर जैसी हस्तियों ने ट्विटर पर अपनी-अपनी साड़ी पोस्ट डाली.","बुधवार जुलाई 17, 2019 01:17 PM IST",NDTV News
126,"गौतम गंभीर के ट्वीट का उमर अब्दुल्ला ने दिया जवाब तो आक्रमक हुई बीजेपी, कहा- आप तो बस होटल में...",बीजेपी नेता नुपुर शर्मा के ट्वीट के जवाब में उमर अब्दुल्ला ने एक और ट्वीट किया. उमर ने लिखा कि इन लोगों का अहंकार.  उनके नेता के विनम्रता की पोल खोलते हैं. मेरी छोटी सी शुरुआत कुछ ऐसी है जिसके बारे में मुझे शर्म आनी चाहिए. किसी भी ईमानदार नौकरी में गरिमा है और मुझे गर्व है कि मैंने कैसे शुरुआत की.,"बुधवार अप्रैल 3, 2019 06:09 PM IST",NDTV News
127,"बीजेपी नेता ने गुजरात दंगों की तस्वीर बंगाल की बताकर की पोस्ट, ट्विटर पर हुई आलोचना",दिल्ली भाजपा प्रवक्ता नूपुर शर्मा को 2002 गुजरात दंगों की एक तस्वीर को पश्चिम बंगाल के बसीरहाट में हिंसा की तस्वीर कथित रूप से बताने पर ट्विटर पर आलोचनाओं का सामना करना पड़ा है.,"सोमवार जुलाई 10, 2017 09:15 AM IST",NDTV News
128,'आप' विधायक संदीप कुमार के बीजेपी के लिए प्रचार करने पर फंसी बीजेपी ने दिया यह जवाब,अपने विधानसभा क्षेत्र की एक महिला से कथित रेप के आरोप में जेल जा चुके दिल्ली के बर्खास्त मंत्री संदीप कुमार अब एमसीडी चुनावों में बीजेपी के लिए प्रचार करते दिखे. संदीप कुमार के बीजेपी के लिए वोट मांगने से बीजेपी नेता असहज हो गए.,"मंगलवार अप्रैल 18, 2017 10:08 AM IST",NDTV News
129,केजरीवाल ने नूपुर शर्मा को 31 हजार से अधिक वोटों से हराया,"केजरीवाल को 57,213 वोट मिले, जबकि नूपुर को केवल 25,630 मत हासिल हुए। दिल्ली की पूर्व मंत्री और कांग्रेस उम्मीदवार किरण वालिया 4781 मतों के साथ तीसरे स्थान पर रहीं।"," मंगलवार फ़रवरी 10, 2015 02:34 PM IST",NDTV News
130,केजरीवाल को चुनौती दे रहीं बीजेपी की नूपुर शर्मा हैं कौन? आइए जानें...,दिल्ली विधानसभा चुनाव में बीजेपी ने नूपुर शर्मा को नई दिल्ली सीट से टिकट दिया है। इस सीट पर नूपुर के सामने आम आदमी पार्टी के संयोजक अरविंद केजरीवाल होंगे। आखिर ये नूपुर शर्मा हैं।," मंगलवार जनवरी 20, 2015 12:05 PM IST",NDTV News
